provincia,año,temp_mean,temp_max,temp_min,precipitacion,lluvia,horas_sol,viento_max,evapotranspiracion,rend_Cebada,rend_Grano se soja,rend_Maíz,rend_Semilla de girasol,rend_Sorgo,rend_Trigo
Buenos_Aires,2010,15.01370596180822,20.27093170958904,9.941342604821918,842.60000174,842.60000174,12490081.311056,18.668639028767124,1257.50980247,746435.0,18130800.0,2904035.0,1495317.0,755235.0,4531520.0
Buenos_Aires,2011,15.369282625753424,20.928876866027398,10.057506995205479,631.30000318,631.30000318,13071553.290784,19.016482900547945,1368.24996283,1121278.0,18764850.0,3747838.0,1743040.0,1012617.0,4496078.0
Buenos_Aires,2012,15.397270019672131,20.58630074726776,10.467038399125682,1162.10001415,1162.10001415,12457045.258834,18.723410696721313,1241.23700452,1694545.0,17577320.0,3696300.0,1823412.0,913815.0,3018403.0
Buenos_Aires,2013,15.233688865753424,20.79736999232877,9.976411141068494,689.79998939,689.79998939,13173095.00962,18.412063893150684,1337.61319221,1203306.0,19418824.0,4863801.0,1620081.0,889993.0,3451785.0
Buenos_Aires,2014,15.25454513260274,20.40504128,10.34476727509041,1149.90000209,1149.90000209,12071326.95707,18.81983111643836,1209.04994208,888873.0,19252552.0,4836655.0,1261640.0,787657.0,4957300.0
Buenos_Aires,2015,15.661091958356165,20.92613721780822,10.584630302027398,813.20000195,813.20000195,12582985.28832,18.434412465753425,1280.90422282,888873.0,19352115.0,4626880.0,1439915.0,658576.0,3953102.0
Buenos_Aires,2016,15.196281706010929,20.282748830874315,10.423185941114754,705.79999105,705.79999105,11957845.4144,18.652073521857922,1260.76535196,1246891.0,19504648.0,5346593.0,1413963.0,673550.0,5566385.0
Buenos_Aires,2017,15.637597394246576,20.754280838356166,10.885376561506849,1004.2000126,1004.2000126,11995957.08498,20.007325206849316,1220.11281858,870213.0,17335102.0,6530673.0,1819045.0,541955.0,5822173.0
Buenos_Aires,2018,15.350166163287671,20.433321914520548,10.537431357824657,913.69999465,913.69999465,12125511.661374,19.190899584931508,1245.0570832,1209995.0,16318060.0,7138620.0,1678031.0,437463.0,6050953.0
Buenos_Aires,2019,15.040999299452055,20.416609655342466,10.03770534268493,807.00001858,807.00001858,12683602.59165,19.702820016438356,1252.36978963,1121449.0,16575887.0,7232761.0,1875938.0,342623.0,6729838.0
Buenos_Aires,2020,15.32214420874317,20.778046487431695,10.140614622049181,625.00000736,625.00000736,13071186.70339,20.219763542349728,1343.6650732,1078835.0,16710793.0,7730506.0,1381571.0,395204.0,6394102.0
Buenos_Aires,2021,15.375594064931507,20.799075347945205,10.379760163297535,927.40001708,927.40001708,12742671.78754,19.242040820547945,1254.39885578,1006503.0,16466714.0,8146596.0,1628002.0,748566.0,6548477.0
Buenos_Aires,2022,14.943042841369863,20.802499974246576,9.612499899182467,774.39998994,774.39998994,12957344.44793,19.30543131369863,1332.81245441,1335623.0,15874266.0,8768441.0,1958686.0,699887.0,5488728.0
Buenos_Aires,2023,15.653248250958903,21.108801304657536,10.607020449791781,981.40001318,981.40001318,12429115.3699,19.343872979452055,1311.85996299,1589966.0,14356922.0,8104641.0,2453245.0,500421.0,5575352.0
Buenos_Aires,2024,15.370596031010928,20.796625743169397,10.318210296284153,998.00000109,998.00000109,12900958.7793,18.925000767213113,1281.54661963,1296636.0,16371093.0,8736712.0,1842731.0,626182.0,6341303.0
Chaco,2010,21.120372047123286,25.70956153780822,16.914356196438355,1378.09999678,1378.09999678,12613046.19639,17.343661600273972,1422.1939514,746435.0,18130800.0,2904035.0,1495317.0,755235.0,4531520.0
Chaco,2011,21.545720172328767,26.330520320547947,17.270246599178083,1243.70003339,1243.70003339,12505710.99839,16.929316347945203,1443.31354282,1121278.0,18764850.0,3747838.0,1743040.0,1012617.0,4496078.0
Chaco,2012,22.96340521721312,28.066655424863388,18.401765046721312,1054.70001513,1054.70001513,13099621.371235,18.167059452185793,1656.16059545,1694545.0,17577320.0,3696300.0,1823412.0,913815.0,3018403.0
Chaco,2013,21.59199873342466,26.470794253424657,17.156410997342466,1176.10000744,1176.10000744,12732198.68841,17.529122319452057,1520.82283931,1203306.0,19418824.0,4863801.0,1620081.0,889993.0,3451785.0
Chaco,2014,22.297066860273972,26.831342310958902,18.296547970136984,1595.99999824,1595.99999824,12093776.97456,17.97988183589041,1440.15558937,888873.0,19252552.0,4836655.0,1261640.0,787657.0,4957300.0
Chaco,2015,22.100069590410957,26.336684761643838,18.373260296986302,1793.09997777,1793.09997777,12068901.848397,17.159761983561644,1309.76778424,888873.0,19352115.0,4626880.0,1439915.0,658576.0,3953102.0
Chaco,2016,20.969328908469944,25.41911462978142,16.910098399453553,1625.29999108,1625.29999108,12214614.79547,16.443916159016396,1343.77947769,1246891.0,19504648.0,5346593.0,1413963.0,673550.0,5566385.0
Chaco,2017,22.262089039178083,26.944109589041098,18.09315068493151,1521.99999273,1521.99999273,11940027.357346,19.037363846575342,1465.43037911,870213.0,17335102.0,6530673.0,1819045.0,541955.0,5822173.0
Chaco,2018,21.910085575342467,26.81356164383562,17.518767123287674,1386.49999079,1386.49999079,12276822.494925,18.3045568,1447.40912083,1209995.0,16318060.0,7138620.0,1678031.0,437463.0,6050953.0
Chaco,2019,21.884143683561643,26.553424657534247,17.638219178082192,1494.10002409,1494.10002409,12071225.47508,18.63985415479452,1436.48289681,1121449.0,16575887.0,7232761.0,1875938.0,342623.0,6729838.0
Chaco,2020,22.66991688661202,28.102868852459014,17.7655737704918,760.40001007,760.40001007,13335127.44523,19.256914176229508,1747.28206335,1078835.0,16710793.0,7730506.0,1381571.0,395204.0,6394102.0
Chaco,2021,21.79525661013699,26.937260273972605,17.143287671232876,1262.69999635,1262.69999635,13064747.26017,17.61194767589041,1538.4352438,1006503.0,16466714.0,8146596.0,1628002.0,748566.0,6548477.0
Chaco,2022,22.048167828767124,27.444109589041098,17.098767123287672,1253.09996097,1253.09996097,12787764.9016301,19.21713474931507,1694.62884716,1335623.0,15874266.0,8768441.0,1958686.0,699887.0,5488728.0
Chaco,2023,23.217870964383565,28.152876712328766,18.80986301369863,1609.5999977000001,1609.5999977000001,12146596.6044,18.730961838356166,1548.36966258,1589966.0,14356922.0,8104641.0,2453245.0,500421.0,5575352.0
Chaco,2024,22.489833734972677,27.29849726775956,18.280464480874315,1708.70002119,1708.70002119,12376670.09856,18.071250470765026,1488.33674845,1296636.0,16371093.0,8736712.0,1842731.0,626182.0,6341303.0
Cordoba,2010,17.644016579178082,23.241294335068492,12.556773748054795,630.69998877,630.69998877,13271704.04505,16.584665430410958,1428.57662071,746435.0,18130800.0,2904035.0,1495317.0,755235.0,4531520.0
Cordoba,2011,17.942069982465753,23.750609375342467,12.616910732208218,536.20000325,534.7000035,13841701.35436,16.84018260739726,1496.61037498,1121278.0,18764850.0,3747838.0,1743040.0,1012617.0,4496078.0
Cordoba,2012,18.351537060382515,24.012483418032787,13.362619953387977,782.49999654,782.49999654,13200669.2802,17.396283612021858,1438.841275,1694545.0,17577320.0,3696300.0,1823412.0,913815.0,3018403.0
Cordoba,2013,18.29468420739726,24.31074639452055,12.857184706978082,535.20001335,535.20001335,13831941.275,16.661249417808218,1547.56738304,1203306.0,19418824.0,4863801.0,1620081.0,889993.0,3451785.0
Cordoba,2014,18.004986735342467,23.376636747945206,13.12759563158904,751.29999303,751.29999303,12960013.79397,17.11556244109589,1382.29926218,888873.0,19252552.0,4836655.0,1261640.0,787657.0,4957300.0
Cordoba,2015,18.172104443287672,23.310472410958905,13.635129908821916,735.50000358,735.50000358,12444965.53763,16.199763892876714,1296.24136027,888873.0,19352115.0,4626880.0,1439915.0,658576.0,3953102.0
Cordoba,2016,17.36386156693989,22.500324926229506,12.732018929344264,733.60000514,733.60000514,12432776.39117,16.395067695628416,1322.92724359,1246891.0,19504648.0,5346593.0,1413963.0,673550.0,5566385.0
Cordoba,2017,17.60698067260274,23.20698630136986,12.731917808219178,780.49998903,780.49998903,12878862.16382,18.10862000712329,1386.45650932,870213.0,17335102.0,6530673.0,1819045.0,541955.0,5822173.0
Cordoba,2018,17.535707756438356,23.28849315068493,12.476438356164383,692.80000333,692.40000337,12817811.598085,17.209841763835616,1398.59764994,1209995.0,16318060.0,7138620.0,1678031.0,437463.0,6050953.0
Cordoba,2019,17.076449775068493,22.561095890410957,12.267123287671232,919.1000209,919.000021,12727970.95374,17.179401793972602,1310.9328495,1121449.0,16575887.0,7232761.0,1875938.0,342623.0,6729838.0
Cordoba,2020,17.53395954125683,23.652595628415302,12.088934426229509,614.10001489,614.10001489,13726344.0107,17.441892760928962,1493.57054375,1078835.0,16710793.0,7730506.0,1381571.0,395204.0,6394102.0
Cordoba,2021,17.336215670958904,23.40123287671233,12.041643835616437,804.20000484,802.1000043399999,13807930.591558,17.29289472712329,1432.18421843,1006503.0,16466714.0,8146596.0,1628002.0,748566.0,6548477.0
Cordoba,2022,17.633664469589043,24.10041095890411,11.766164383561643,610.10000172,610.10000172,13677737.49943,17.712184803561644,1593.27387856,1335623.0,15874266.0,8768441.0,1958686.0,699887.0,5488728.0
Cordoba,2023,18.565713385753423,24.453698630136987,13.254383561643836,722.30000503,722.30000503,12647189.11101,17.74449534109589,1477.40295572,1589966.0,14356922.0,8104641.0,2453245.0,500421.0,5575352.0
Cordoba,2024,17.5272883215847,23.321584699453553,12.43551912568306,1182.99999679,1182.99999679,12666982.08634,17.148383080054643,1396.12153663,1296636.0,16371093.0,8736712.0,1842731.0,626182.0,6341303.0
Entre_Rios,2010,17.824385755068494,22.811965526027397,13.057992928356164,1232.30001129,1232.30001129,12724697.796871,17.718033887123287,1323.5344169,746435.0,18130800.0,2904035.0,1495317.0,755235.0,4531520.0
Entre_Rios,2011,17.991777242739726,23.126897003561645,13.06443125279452,937.09998738,937.09998738,13146837.08304,17.921521528767123,1399.16576371,1121278.0,18764850.0,3747838.0,1743040.0,1012617.0,4496078.0
Entre_Rios,2012,18.728456875956283,23.764636393442622,13.9987894194153,1484.59999669,1484.59999669,12558213.89414,17.573836407650273,1359.53678181,1694545.0,17577320.0,3696300.0,1823412.0,913815.0,3018403.0
Entre_Rios,2013,18.29709702082192,23.662102523287672,13.286212080273973,892.5999904,892.5999904,12962494.20878,17.655946355616436,1424.33233293,1203306.0,19418824.0,4863801.0,1620081.0,889993.0,3451785.0
Entre_Rios,2014,18.361166558630135,23.319910712328767,13.737444964931507,1445.79999908,1445.79999908,12241264.10677,17.838666665753426,1282.30628771,888873.0,19252552.0,4836655.0,1261640.0,787657.0,4957300.0
Entre_Rios,2015,18.679950875890412,23.559362802739727,14.09223945671233,1155.90000164,1155.90000164,12623418.72866,17.38333547369863,1323.70605416,888873.0,19352115.0,4626880.0,1439915.0,658576.0,3953102.0
Entre_Rios,2016,18.015146660928963,22.86846154918033,13.441139134480874,1304.09999297,1304.09999297,12091040.09107,17.32030798251366,1314.85637312,1246891.0,19504648.0,5346593.0,1413963.0,673550.0,5566385.0
Entre_Rios,2017,19.045382305479453,23.93068493150685,14.512602739726029,1586.1000162,1585.9000161,12188119.08788,19.24990770547945,1333.95076951,870213.0,17335102.0,6530673.0,1819045.0,541955.0,5822173.0
Entre_Rios,2018,18.798236247945205,23.768082191780824,14.096849315068495,1063.1999863,1063.1999863,12499631.62735,18.613127771232875,1367.52131055,1209995.0,16318060.0,7138620.0,1678031.0,437463.0,6050953.0
Entre_Rios,2019,18.350011609315068,23.26821917808219,13.773287671232877,1421.80001871,1421.80001871,11956114.0088,18.189857005479453,1250.76504418,1121449.0,16575887.0,7232761.0,1875938.0,342623.0,6729838.0
Entre_Rios,2020,18.763456253825137,24.05532786885246,13.69275956284153,804.20001429,804.20001429,13477399.3358,18.445206892896174,1476.7628634,1078835.0,16710793.0,7730506.0,1381571.0,395204.0,6394102.0
Entre_Rios,2021,19.147568414246575,24.655616438356162,13.982739726027397,748.90001109,748.90001109,13318836.91022,18.370560984383562,1502.79155617,1006503.0,16466714.0,8146596.0,1628002.0,748566.0,6548477.0
Entre_Rios,2022,18.355411025753423,23.80849315068493,13.233835616438357,863.00001374,863.00001374,13015598.41048,18.484753341369863,1457.6993334,1335623.0,15874266.0,8768441.0,1958686.0,699887.0,5488728.0
Entre_Rios,2023,19.858590155068494,25.101095890410956,14.992602739726028,994.7999918300001,994.7999918300001,12349029.7371,19.526195661643836,1471.07722233,1589966.0,14356922.0,8104641.0,2453245.0,500421.0,5575352.0
Entre_Rios,2024,18.960035368306013,24.037841530054646,14.311612021857924,1226.80001307,1226.80001307,12314644.542844,18.740947415300546,1361.68431369,1296636.0,16371093.0,8736712.0,1842731.0,626182.0,6341303.0
La_Pampa,2010,16.40142471863014,22.321424735342468,11.012931656493151,520.1999994399999,520.1999994399999,13794477.96436,19.734963329041097,1600.59384,746435.0,18130800.0,2904035.0,1495317.0,755235.0,4531520.0
La_Pampa,2011,16.30614521589041,22.13676726136986,11.020054962369862,604.39999578,601.69999578,13706468.5589,19.555326484931506,1584.02090008,1121278.0,18764850.0,3747838.0,1743040.0,1012617.0,4496078.0
La_Pampa,2012,16.411550944262295,21.981114864480872,11.400104047486339,762.30000708,761.9000069800001,13393732.8167,18.915617512295082,1504.44723529,1694545.0,17577320.0,3696300.0,1823412.0,913815.0,3018403.0
La_Pampa,2013,16.841322148767123,22.809506906027398,11.413205655799999,460.90001143,433.40000843,13643990.30386,19.620312182465753,1624.15761532,1203306.0,19418824.0,4863801.0,1620081.0,889993.0,3451785.0
La_Pampa,2014,16.557475021643835,22.186356293150684,11.446630353684933,614.70000405,614.00000435,13038312.22723,19.620703239726026,1527.79738569,888873.0,19252552.0,4836655.0,1261640.0,787657.0,4957300.0
La_Pampa,2015,16.41335977369863,21.88306861369863,11.559096068164385,700.09999778,700.09999778,13050924.56978,18.40969201780822,1426.2864833,888873.0,19352115.0,4626880.0,1439915.0,658576.0,3953102.0
La_Pampa,2016,15.806695009562842,20.96485809672131,11.15743187928142,792.10000554,792.10000554,12447501.0199955,18.312288197540983,1382.32744069,1246891.0,19504648.0,5346593.0,1413963.0,673550.0,5566385.0
La_Pampa,2017,15.788944111068494,21.43178082191781,10.821917808219178,697.0000020900001,696.90000209,12963561.131616,20.67713047671233,1445.97977259,870213.0,17335102.0,6530673.0,1819045.0,541955.0,5822173.0
La_Pampa,2018,15.859189502602739,21.67356164383562,10.59054794520548,522.89999607,521.69999507,12690755.458882,20.2341556,1499.94866177,1209995.0,16318060.0,7138620.0,1678031.0,437463.0,6050953.0
La_Pampa,2019,15.701483975342464,21.778767123287672,10.235890410958904,383.49999816999997,382.49999816999997,13254355.026325,20.352386217808217,1546.88153444,1121449.0,16575887.0,7232761.0,1875938.0,342623.0,6729838.0
La_Pampa,2020,15.620121803551912,21.560382513661203,10.35,465.89999894,465.89999894,13412927.83465,20.637013192622952,1526.24187834,1078835.0,16710793.0,7730506.0,1381571.0,395204.0,6394102.0
La_Pampa,2021,15.573875551780821,21.546849315068496,10.336164383561643,699.2999939,699.0999939,13250788.12345,19.155666689041098,1418.88393429,1006503.0,16466714.0,8146596.0,1628002.0,748566.0,6548477.0
La_Pampa,2022,15.54912668849315,21.7572602739726,10.09013698630137,511.79999562,510.09999462,13259936.85371,20.26186592191781,1580.18713084,1335623.0,15874266.0,8768441.0,1958686.0,699887.0,5488728.0
La_Pampa,2023,15.96692923589041,21.901095890410957,10.663972602739726,486.10000524,485.40000528,12781488.73325,20.369649580821918,1506.19264756,1589966.0,14356922.0,8104641.0,2453245.0,500421.0,5575352.0
La_Pampa,2024,15.76841413251366,21.63428961748634,10.503142076502732,551.09999714,550.6999971500001,13123400.6759,20.986866919398906,1540.72463238,1296636.0,16371093.0,8736712.0,1842731.0,626182.0,6341303.0
Mendoza,2010,17.97530042158904,24.62686991013699,11.63084229749589,364.40000183,355.10000343,14384047.9668,21.2059684,1811.12939843,746435.0,18130800.0,2904035.0,1495317.0,755235.0,4531520.0
Mendoza,2011,17.99439853808219,24.718102739726028,11.535362854465754,312.50000149,305.40000249,14576079.66973,21.095003060821917,1816.45050894,1121278.0,18764850.0,3747838.0,1743040.0,1012617.0,4496078.0
Mendoza,2012,18.798215533333334,25.536073838797815,12.319270306010928,280.6000033,280.6000033,14297073.058220001,21.74092120491803,1834.81509412,1694545.0,17577320.0,3696300.0,1823412.0,913815.0,3018403.0
Mendoza,2013,18.85778330969863,25.822212472876714,12.046732711369861,205.10000094,205.10000094,14535791.67416,21.110167126849316,1896.88589117,1203306.0,19418824.0,4863801.0,1620081.0,889993.0,3451785.0
Mendoza,2014,18.366613249863015,24.830020578082195,12.140568369616439,438.89999495,438.89999495,14054866.3541,21.11770027890411,1765.12591714,888873.0,19252552.0,4836655.0,1261640.0,787657.0,4957300.0
Mendoza,2015,17.907840310136987,24.162486242739725,12.126047766410958,581.99999988,581.99999988,13592496.62956,20.835979826849314,1582.96456366,888873.0,19352115.0,4626880.0,1439915.0,658576.0,3953102.0
Mendoza,2016,17.527303850273224,23.613122912021858,11.936620055278688,604.50001582,600.30001682,13262596.12296,20.26493781420765,1599.90781087,1246891.0,19504648.0,5346593.0,1413963.0,673550.0,5566385.0
Mendoza,2017,17.774817351232876,24.09205479452055,11.821917808219178,284.10000323,283.60000323,13599446.5016,22.41661739589041,1724.50644495,870213.0,17335102.0,6530673.0,1819045.0,541955.0,5822173.0
Mendoza,2018,17.548527452328766,24.030958904109585,11.43041095890411,252.10000005,251.90000005,13909980.6997,22.27549466712329,1736.56670214,1209995.0,16318060.0,7138620.0,1678031.0,437463.0,6050953.0
Mendoza,2019,17.46304226438356,23.919726027397264,11.21945205479452,265.70000545,265.50000546,13852999.02727,22.085282046575344,1714.19067541,1121449.0,16575887.0,7232761.0,1875938.0,342623.0,6729838.0
Mendoza,2020,18.043380062568307,24.758333333333333,11.57827868852459,154.90000174,154.90000174,14407158.758172,22.864127915300546,1874.66038475,1078835.0,16710793.0,7730506.0,1381571.0,395204.0,6394102.0
Mendoza,2021,17.17571923380822,23.767123287671232,10.877534246575342,343.39999768,342.899997674,13987112.38212,21.761113510958904,1676.94268214,1006503.0,16466714.0,8146596.0,1628002.0,748566.0,6548477.0
Mendoza,2022,17.612836743835615,24.505753424657534,10.956575342465754,194.7000012,194.50000119999999,14117020.5721,22.766642680821917,1856.6887656,1335623.0,15874266.0,8768441.0,1958686.0,699887.0,5488728.0
Mendoza,2023,18.50382422,25.224794520547942,12.103561643835617,160.2000025,160.2000025,13821655.5297,23.026179405479454,1823.01255473,1589966.0,14356922.0,8104641.0,2453245.0,500421.0,5575352.0
Mendoza,2024,18.0167405136612,24.66653005464481,11.748907103825138,233.70000198,233.70000198,13848646.93582,23.417179886612022,1834.38583031,1296636.0,16371093.0,8736712.0,1842731.0,626182.0,6341303.0
Salta,2010,21.183977705479453,26.83821263561644,16.108349563835617,596.59999722,596.59999722,12366890.4291175,14.10047756109589,1462.88918798,746435.0,18130800.0,2904035.0,1495317.0,755235.0,4531520.0
Salta,2011,21.347202811506847,26.943007260273973,16.46355505479452,769.99999464,769.99999464,12182001.32818,13.950847333150685,1451.26767968,1121278.0,18764850.0,3747838.0,1743040.0,1012617.0,4496078.0
Salta,2012,22.391981278688522,27.98215599180328,17.478057645628414,606.79999439,606.79999439,12630456.99554,14.501127036338797,1530.80559751,1694545.0,17577320.0,3696300.0,1823412.0,913815.0,3018403.0
Salta,2013,22.66014211369863,28.672185134246575,17.2228701430137,421.00000048,421.00000048,12958835.79796,14.101958209041097,1655.38953427,1203306.0,19418824.0,4863801.0,1620081.0,889993.0,3451785.0
Salta,2014,22.09590715479452,27.595061978082192,17.345198966027397,629.49999913,629.49999913,11958372.34635,14.447682887945206,1457.75650397,888873.0,19252552.0,4836655.0,1261640.0,787657.0,4957300.0
Salta,2015,21.93890383287671,27.082870265753424,17.567116785753424,781.09999926,781.09999926,11621567.00761,13.813356629315068,1357.06902366,888873.0,19352115.0,4626880.0,1439915.0,658576.0,3953102.0
Salta,2016,21.126844204918033,26.576554918032787,16.338576730601094,845.5000021,845.5000021,11899938.297692,13.584940517213116,1423.50360967,1246891.0,19504648.0,5346593.0,1413963.0,673550.0,5566385.0
Salta,2017,21.912380108767124,27.25904109589041,17.394520547945206,1180.69998343,1180.69998343,11513244.621447999,16.813125865479453,1473.54795496,870213.0,17335102.0,6530673.0,1819045.0,541955.0,5822173.0
Salta,2018,21.069937289041096,26.464657534246577,16.406712328767124,1340.19997638,1340.19997638,11922717.604112,16.378038475068493,1396.85896944,1209995.0,16318060.0,7138620.0,1678031.0,437463.0,6050953.0
Salta,2019,21.409554738356164,26.97027397260274,16.55780821917808,996.5000054,996.5000054,12415146.245695,16.884357324657532,1520.6192214,1121449.0,16575887.0,7232761.0,1875938.0,342623.0,6729838.0
Salta,2020,22.542850823770493,28.815983606557378,17.006147540983605,842.20000994,842.20000994,13421124.9833,17.293602708469944,1757.1631096,1078835.0,16710793.0,7730506.0,1381571.0,395204.0,6394102.0
Salta,2021,21.771187119726026,27.737397260273973,16.531232876712327,754.0000114000001,754.0000114000001,13123081.69197,16.042466934520547,1619.9980696,1006503.0,16466714.0,8146596.0,1628002.0,748566.0,6548477.0
Salta,2022,22.137020719178082,28.713972602739727,16.289315068493153,596.80000578,596.80000578,13237180.8711,17.08079031479452,1781.8223047,1335623.0,15874266.0,8768441.0,1958686.0,699887.0,5488728.0
Salta,2023,23.114497828767124,28.947123287671236,17.957123287671234,905.50001093,905.50001093,12698671.50667,16.795292661643835,1659.47108094,1589966.0,14356922.0,8104641.0,2453245.0,500421.0,5575352.0
Salta,2024,22.31100874453552,27.95068306010929,17.410655737704918,798.30000064,798.30000064,12720591.9245,17.258436808196723,1607.7651769,1296636.0,16371093.0,8736712.0,1842731.0,626182.0,6341303.0
Santa_Fe,2010,18.816110149041098,23.884397520547946,14.043027392027398,1044.69999849,1044.69999849,12941241.891102,16.948539053424657,1400.93012691,746435.0,18130800.0,2904035.0,1495317.0,755235.0,4531520.0
Santa_Fe,2011,19.01447203232877,24.107822178082195,14.163438384528767,919.90000819,919.90000819,13360495.04868,16.852968452602738,1447.84178854,1121278.0,18764850.0,3747838.0,1743040.0,1012617.0,4496078.0
Santa_Fe,2012,19.9110468784153,25.10825717486339,15.169049271311476,1241.20000334,1241.20000334,12865374.04883,17.603908187431696,1472.00366689,1694545.0,17577320.0,3696300.0,1823412.0,913815.0,3018403.0
Santa_Fe,2013,19.667999639726027,25.06467155616438,14.683301378082191,970.6999746,970.6999746,13363402.54443,17.301800463561644,1547.8970485,1203306.0,19418824.0,4863801.0,1620081.0,889993.0,3451785.0
Santa_Fe,2014,19.550413890958904,24.489055202739728,15.00658909041096,1287.69999868,1287.69999868,12676089.40861,17.478113935068492,1374.2794507,888873.0,19252552.0,4836655.0,1261640.0,787657.0,4957300.0
Santa_Fe,2015,19.849745953150684,24.758918142465756,15.388780888767123,1098.69999882,1098.69999882,12824173.496509999,16.8290922569863,1377.06428012,888873.0,19352115.0,4626880.0,1439915.0,658576.0,3953102.0
Santa_Fe,2016,18.941761303005464,23.87984178142076,14.396508185508196,1307.5999750400001,1307.5999750400001,12337807.92744,16.728406567213117,1383.62535574,1246891.0,19504648.0,5346593.0,1413963.0,673550.0,5566385.0
Santa_Fe,2017,19.291986315342463,24.215753424657535,14.778356164383563,1116.60000302,1116.60000302,12343863.20363,18.23395939150685,1346.7544955,870213.0,17335102.0,6530673.0,1819045.0,541955.0,5822173.0
Santa_Fe,2018,19.266444038630137,24.353287671232877,14.555890410958902,1059.2000042,1059.2000042,12492027.639727,17.731726149589043,1403.98652042,1209995.0,16318060.0,7138620.0,1678031.0,437463.0,6050953.0
Santa_Fe,2019,18.737465817808218,23.654794520547945,14.117945205479453,1230.4000066,1230.4000066,12135180.191295,17.39768093561644,1276.96242829,1121449.0,16575887.0,7232761.0,1875938.0,342623.0,6729838.0
Santa_Fe,2020,18.899482055464482,24.305464480874313,13.813251366120218,784.59999233,784.59999233,13640173.748745,17.461499270491803,1471.57536951,1078835.0,16710793.0,7730506.0,1381571.0,395204.0,6394102.0
Santa_Fe,2021,19.137117562465754,24.64986301369863,14.017945205479453,794.30001574,794.30001574,13427967.94643,17.139825490958906,1464.29200025,1006503.0,16466714.0,8146596.0,1628002.0,748566.0,6548477.0
Santa_Fe,2022,19.162728350136987,24.985342465753423,13.71986301369863,794.80000773,794.80000773,13416972.27957,17.90716072328767,1583.69639734,1335623.0,15874266.0,8768441.0,1958686.0,699887.0,5488728.0
Santa_Fe,2023,20.58996010082192,25.926986301369865,15.71027397260274,932.20002132,932.20002132,12289669.47545,18.404260016438357,1502.20163484,1589966.0,14356922.0,8104641.0,2453245.0,500421.0,5575352.0
Santa_Fe,2024,19.751633564480873,25.169808743169398,14.775546448087432,1041.39999567,1041.39999567,12588030.11743,18.01718113797814,1468.88598104,1296636.0,16371093.0,8736712.0,1842731.0,626182.0,6341303.0
Santiago_del_Estero,2010,21.23475046,26.557712698630134,16.417575526849316,936.50001232,936.50001232,13197038.82284,20.93355017260274,1671.14900824,746435.0,18130800.0,2904035.0,1495317.0,755235.0,4531520.0
Santiago_del_Estero,2011,21.97027000219178,27.48072634246575,16.97606864438356,738.29999874,738.29999874,12834763.08912,21.170413010958903,1776.22922443,1121278.0,18764850.0,3747838.0,1743040.0,1012617.0,4496078.0
Santiago_del_Estero,2012,23.320715766393445,28.935891120218578,18.26580896038251,812.4000169,812.4000169,13346348.64402,22.551616260928963,1965.17041287,1694545.0,17577320.0,3696300.0,1823412.0,913815.0,3018403.0
Santiago_del_Estero,2013,23.389447817260276,29.370315410958902,18.038671479726027,488.20000468,488.20000468,13447988.58863,22.580766826027396,2088.1232899,1203306.0,19418824.0,4863801.0,1620081.0,889993.0,3451785.0
Santiago_del_Estero,2014,22.203963089041096,27.399767526027397,17.624150850958905,1176.00000148,1176.00000148,12634884.108,22.00413024520548,1687.41980483,888873.0,19252552.0,4836655.0,1261640.0,787657.0,4957300.0
Santiago_del_Estero,2015,22.778723239726027,28.007712734246574,18.275520749863013,917.40001343,917.40001343,12586795.4643,21.462847228767124,1686.56797341,888873.0,19352115.0,4626880.0,1439915.0,658576.0,3953102.0
Santiago_del_Estero,2016,21.72977049726776,27.18794025409836,16.82168322978142,808.6000052,808.6000052,12730280.44164,21.050804479508194,1730.519701,1246891.0,19504648.0,5346593.0,1413963.0,673550.0,5566385.0
Santiago_del_Estero,2017,21.97722598219178,27.23013698630137,17.377260273972603,844.29999947,844.29999947,11923743.09413,23.068794404109592,1690.19921378,870213.0,17335102.0,6530673.0,1819045.0,541955.0,5822173.0
Santiago_del_Estero,2018,21.783733065753424,27.164383561643834,16.976712328767125,1089.59997464,1089.59997464,12293153.44176,22.395062180821917,1673.83102307,1209995.0,16318060.0,7138620.0,1678031.0,437463.0,6050953.0
Santiago_del_Estero,2019,21.512128960273973,26.893150684931506,16.643561643835614,1051.49999679,1051.49999679,12182789.66174,22.449894612328766,1674.13906984,1121449.0,16575887.0,7232761.0,1875938.0,342623.0,6729838.0
Santiago_del_Estero,2020,22.35089933743169,28.318989071038253,16.943579234972677,620.80000253,620.80000253,13758649.866752,23.065330933060107,1987.43121594,1078835.0,16710793.0,7730506.0,1381571.0,395204.0,6394102.0
Santiago_del_Estero,2021,22.146484032876714,28.000547945205483,16.787808219178082,595.70000133,595.70000133,13406857.58322,22.038455976712328,1887.0599,1006503.0,16466714.0,8146596.0,1628002.0,748566.0,6548477.0
Santiago_del_Estero,2022,22.066883442465755,27.988219178082193,16.537123287671232,575.30000269,575.30000269,13274874.719705,22.92370206027397,2004.771961,1335623.0,15874266.0,8768441.0,1958686.0,699887.0,5488728.0
Santiago_del_Estero,2023,23.309400784931505,28.789589041095894,18.327397260273973,814.09998189,814.09998189,12503804.95647,23.44638302191781,1890.8210494,1589966.0,14356922.0,8104641.0,2453245.0,500421.0,5575352.0
Santiago_del_Estero,2024,22.414867730874317,27.958333333333332,17.43005464480874,773.70001865,773.70001865,12572490.65354,21.901189719945354,1799.516118,1296636.0,16371093.0,8736712.0,1842731.0,626182.0,6341303.0
Tucuman,2010,17.756946243287672,22.052192003013698,13.489452232739726,3021.00002163,2962.3000234300002,13950219.811900001,8.431672823287672,1176.22167856,746435.0,18130800.0,2904035.0,1495317.0,755235.0,4531520.0
Tucuman,2011,18.05288789917808,22.278630336438358,13.85109607969863,3074.19999538,3048.39999648,13760731.60268,8.25923572219178,1161.12348672,1121278.0,18764850.0,3747838.0,1743040.0,1012617.0,4496078.0
Tucuman,2012,19.075309579508197,23.349535745901637,14.8701641068306,2418.20000953,2418.20000953,14065939.991,8.39562536830601,1221.81759336,1694545.0,17577320.0,3696300.0,1823412.0,913815.0,3018403.0
Tucuman,2013,18.71338462,23.3391782539726,14.159452280849315,2269.49997442,2252.19997232,14363268.1067,8.23758536438356,1274.72414926,1203306.0,19418824.0,4863801.0,1620081.0,889993.0,3451785.0
Tucuman,2014,18.77213460410959,23.08684949726027,14.485890606027397,2798.10000168,2795.79999918,13998158.3845,8.508943171232877,1194.12116819,888873.0,19252552.0,4836655.0,1261640.0,787657.0,4957300.0
Tucuman,2015,18.750370760273974,22.71410981232877,14.762739940547945,3129.10002133,3129.10002133,13638077.2237,8.432439199726028,1132.35274881,888873.0,19352115.0,4626880.0,1439915.0,658576.0,3953102.0
Tucuman,2016,18.097481416666668,22.117158685792347,14.1368307647541,3306.60001862,3300.50002062,13723210.9489,8.414060085519125,1140.61190492,1246891.0,19504648.0,5346593.0,1413963.0,673550.0,5566385.0
Tucuman,2017,19.050017867397262,23.233733334246576,15.307705761369863,1567.50001892,1567.50001892,12198315.480264,11.740377223013699,1143.02023423,870213.0,17335102.0,6530673.0,1819045.0,541955.0,5822173.0
Tucuman,2018,18.662215312876715,22.906747054794522,14.824555009041097,1885.6000114,1885.6000114,12360212.03664,11.593208314246576,1137.56848658,1209995.0,16318060.0,7138620.0,1678031.0,437463.0,6050953.0
Tucuman,2019,18.553385408767124,22.846199124657534,14.6792125369863,1981.40002903,1981.40002903,12465608.83697,11.449359816164383,1149.99145933,1121449.0,16575887.0,7232761.0,1875938.0,342623.0,6729838.0
Tucuman,2020,19.34033888169399,23.85586108333333,15.120888237978143,1375.10000819,1375.10000819,13591340.7356,11.096588574043716,1302.40227719,1078835.0,16710793.0,7730506.0,1381571.0,395204.0,6394102.0
Tucuman,2021,18.857523519452055,23.190171757534245,14.859212603287672,1051.80001171,1051.80001171,13220176.61113,11.054239351232876,1226.12207609,1006503.0,16466714.0,8146596.0,1628002.0,748566.0,6548477.0
Tucuman,2022,18.88812289178082,23.743048410958906,14.529760467945206,1178.40001384,1178.40001384,12952254.42198,11.87035510630137,1315.85772505,1335623.0,15874266.0,8768441.0,1958686.0,699887.0,5488728.0
Tucuman,2023,19.89879636712329,24.30674706712329,15.916472779178083,1526.09998995,1526.09998995,12492162.02464,10.998792512054793,1238.45315692,1589966.0,14356922.0,8104641.0,2453245.0,500421.0,5575352.0
Tucuman,2024,19.07126421147541,23.213921103005465,15.426079537103824,1618.20002233,1618.20002233,11800620.329964,10.40240890136612,1151.16937849,1296636.0,16371093.0,8736712.0,1842731.0,626182.0,6341303.0
