Producto,Anio,Area_cosechada,Produccion,Rendimiento
Aguacates,2010,3726.11,6648.6,560.0
Aguacates,2011,3839.54,6736.8,570.0
Aguacates,2012,4100.0,7069.0,580.0
Aguacates,2013,4051.54,6903.4,587.0
Aguacates,2014,4038.59,6869.3,588.0
Aguacates,2015,4029.92,6931.4,581.0
Aguacates,2016,4027.05,6971.7,578.0
Aguacates,2017,4033.27,6997.9,576.0
Aguacates,2018,4043.69,7021.8,576.0
Aguacates,2019,4056.69,7048.6,576.0
Aguacates,2020,4071.67,7068.3,576.0
Aguacates,2021,4101.62,7099.6,578.0
Aguacates,2022,4101.83,7127.5,575.0
Aguacates,2023,4112.63,7151.0,575.0
Aguacates,2024,4123.42,7174.5,575.0
Ajo verde,2010,142619.94,9575.2,14895.0
Ajo verde,2011,143308.07,9569.8,14975.0
Ajo verde,2012,143996.19,9564.3,15056.0
Ajo verde,2013,144684.32,9558.8,15136.0
Ajo verde,2014,146401.96,9563.4,15309.0
Ajo verde,2015,148459.4,9513.2,15606.0
Ajo verde,2016,148851.5,9604.1,15499.0
Ajo verde,2017,149534.16,9675.0,15456.0
Ajo verde,2018,151173.38,9736.8,15526.0
Ajo verde,2019,153045.67,9769.6,15665.0
Ajo verde,2020,154921.44,9817.4,15780.0
Ajo verde,2021,157021.05,9836.6,15963.0
Ajo verde,2022,156260.69,9829.5,15897.0
Ajo verde,2023,157090.3,9851.7,15946.0
Ajo verde,2024,156790.68,9803.2,15994.0
Albaricoques,2010,26145.48,11028.8,2371.0
Albaricoques,2011,26271.36,11097.6,2367.0
Albaricoques,2012,26397.25,11166.4,2364.0
Albaricoques,2013,26523.13,11235.3,2361.0
Albaricoques,2014,26817.68,11312.7,2371.0
Albaricoques,2015,26963.46,11383.3,2369.0
Albaricoques,2016,27015.94,11407.6,2368.0
Albaricoques,2017,26881.88,11377.9,2363.0
Albaricoques,2018,26980.97,11408.6,2365.0
Albaricoques,2019,27080.05,11434.6,2368.0
Albaricoques,2020,27323.78,11445.9,2387.0
Albaricoques,2021,27503.63,11428.3,2407.0
Albaricoques,2022,27358.77,11392.4,2401.0
Albaricoques,2023,27453.48,11402.8,2408.0
Albaricoques,2024,27548.19,11412.0,2414.0
Alcachofas,2010,51948.33,19706.2,2636.0
Alcachofas,2011,49616.31,19738.2,2514.0
Alcachofas,2012,47356.26,19765.6,2396.0
Alcachofas,2013,45191.46,19788.1,2284.0
Alcachofas,2014,43143.14,19805.6,2178.0
Alcachofas,2015,41231.89,19818.2,2081.0
Alcachofas,2016,39478.25,19826.0,1991.0
Alcachofas,2017,37720.1,19843.0,1901.0
Alcachofas,2018,36223.82,19868.3,1823.0
Alcachofas,2019,35000.0,20000.0,1750.0
Alcachofas,2020,35500.0,19722.2,1800.0
Alcachofas,2021,35480.16,19763.3,1795.0
Alcachofas,2022,31117.06,19855.2,1567.0
Alcachofas,2023,29654.82,19864.8,1493.0
Alcachofas,2024,28194.8,19874.9,1419.0
Almendras con cáscara,2010,620.0,2066.7,300.0
Almendras con cáscara,2011,620.0,2066.7,300.0
Almendras con cáscara,2012,650.0,1625.0,400.0
Almendras con cáscara,2013,669.03,1741.2,384.0
Almendras con cáscara,2014,689.19,1854.6,372.0
Almendras con cáscara,2015,714.86,1873.5,382.0
Almendras con cáscara,2016,691.02,1742.9,396.0
Almendras con cáscara,2017,688.42,1769.1,389.0
Almendras con cáscara,2018,683.72,1808.2,378.0
Almendras con cáscara,2019,680.62,1814.0,375.0
Almendras con cáscara,2020,679.27,1813.8,374.0
Almendras con cáscara,2021,689.86,1803.1,383.0
Almendras con cáscara,2022,689.59,1795.7,384.0
Almendras con cáscara,2023,691.22,1789.1,386.0
Almendras con cáscara,2024,692.94,1782.6,389.0
Alpiste,2010,9765.0,931.8,10480.0
Alpiste,2011,27421.0,1643.5,16685.0
Alpiste,2012,23280.0,1631.4,14270.0
Alpiste,2013,18204.0,1305.9,13940.0
Alpiste,2014,52970.0,1873.7,28270.0
Alpiste,2015,31657.0,1211.6,26129.0
Alpiste,2016,29479.0,1526.3,19314.0
Alpiste,2017,44354.0,1397.4,31740.0
Alpiste,2018,22278.0,1536.9,14495.0
Alpiste,2019,41137.0,1540.3,26708.0
Alpiste,2020,20544.0,1392.4,14754.0
Alpiste,2021,44328.0,1464.3,30272.0
Alpiste,2022,36114.0,1312.9,27506.0
Alpiste,2023,36665.0,988.1,37105.0
Alpiste,2024,58441.0,1434.8,40732.0
Altramuz,2010,152.5,1535.3,99.0
Altramuz,2011,155.24,1512.6,103.0
Altramuz,2012,160.0,1454.5,110.0
Altramuz,2013,154.0,1540.0,100.0
Altramuz,2014,157.74,1557.1,101.0
Altramuz,2015,165.67,1505.3,110.0
Altramuz,2016,159.14,1533.3,104.0
Altramuz,2017,162.14,1537.1,105.0
Altramuz,2018,165.23,1525.3,108.0
Altramuz,2019,168.04,1512.8,111.0
Altramuz,2020,170.14,1507.6,113.0
Altramuz,2021,171.51,1548.5,111.0
Altramuz,2022,170.98,1518.4,113.0
Altramuz,2023,172.23,1536.7,112.0
Altramuz,2024,171.57,1534.5,112.0
Arroz,2010,1243259.0,5764.6,215670.0
Arroz,2011,1748075.0,6790.1,257445.0
Arroz,2012,1567971.0,6661.7,235372.0
Arroz,2013,1563450.0,6718.7,232700.0
Arroz,2014,1581810.0,6504.2,243200.0
Arroz,2015,1558100.0,6698.9,232590.0
Arroz,2016,1404980.0,6763.2,207740.0
Arroz,2017,1328340.0,6508.3,204100.0
Arroz,2018,1367968.0,6903.0,198170.0
Arroz,2019,1189866.0,6491.9,183285.0
Arroz,2020,1222910.0,6599.6,185300.0
Arroz,2021,1453187.0,7266.2,199993.0
Arroz,2022,1222426.0,6569.7,186070.0
Arroz,2023,1163209.0,6723.7,173002.0
Arroz,2024,1264770.0,6623.6,190950.0
Avena,2010,181990.0,1305.8,139368.0
Avena,2011,660200.0,2320.0,284570.0
Avena,2012,414990.0,2115.8,196135.0
Avena,2013,495940.0,1905.7,260240.0
Avena,2014,444820.0,1967.3,226109.0
Avena,2015,524716.0,2145.8,244528.0
Avena,2016,553435.0,2309.4,239640.0
Avena,2017,784981.0,2445.0,321054.0
Avena,2018,491713.0,2251.4,218399.0
Avena,2019,571630.0,2400.1,238166.0
Avena,2020,600105.0,1861.8,322328.0
Avena,2021,506718.0,2094.5,241925.0
Avena,2022,723155.0,2073.1,348835.0
Avena,2023,428884.0,1666.5,257361.0
Avena,2024,564909.0,2035.6,277521.0
Bananos,2010,171038.84,20919.1,8176.0
Bananos,2011,174901.47,20938.1,8353.0
Bananos,2012,175203.3,20957.0,8360.0
Bananos,2013,175334.11,20976.0,8359.0
Bananos,2014,175890.64,20984.0,8382.0
Bananos,2015,176076.16,20977.0,8394.0
Bananos,2016,176237.08,20995.4,8394.0
Bananos,2017,176409.63,21013.8,8395.0
Bananos,2018,176530.16,21008.1,8403.0
Bananos,2019,176605.24,21011.3,8405.0
Bananos,2020,176890.01,21005.9,8421.0
Bananos,2021,177009.47,20990.9,8433.0
Bananos,2022,176709.92,20945.2,8437.0
Bananos,2023,176895.88,20951.2,8443.0
Bananos,2024,177081.85,20957.2,8450.0
Cebada,2010,2964075.0,3971.0,746435.0
Cebada,2011,4085770.0,3643.9,1121278.0
Cebada,2012,5158180.0,3044.0,1694545.0
Cebada,2013,4705160.0,3910.2,1203306.0
Cebada,2014,2901492.0,3264.2,888873.0
Cebada,2015,2901495.0,3264.2,888873.0
Cebada,2016,4938723.0,3960.8,1246891.0
Cebada,2017,3741158.0,4299.1,870213.0
Cebada,2018,5061069.0,4182.7,1209995.0
Cebada,2019,3784823.0,3374.9,1121449.0
Cebada,2020,3612804.0,3348.8,1078835.0
Cebada,2021,4036130.0,4010.1,1006503.0
Cebada,2022,5279608.0,3952.9,1335623.0
Cebada,2023,4695914.0,2953.5,1589966.0
Cebada,2024,5097340.0,3931.2,1296636.0
Centeno,2010,25135.0,951.0,26430.0
Centeno,2011,44460.0,1844.8,24100.0
Centeno,2012,43110.0,1841.9,23405.0
Centeno,2013,39700.0,1747.0,22725.0
Centeno,2014,52130.0,1630.8,31965.0
Centeno,2015,97398.0,1905.6,51112.0
Centeno,2016,60676.0,1764.4,34390.0
Centeno,2017,78810.0,1927.4,40890.0
Centeno,2018,86098.0,1911.8,45034.0
Centeno,2019,86566.0,1755.2,49321.0
Centeno,2020,221201.0,2038.1,108532.0
Centeno,2021,135945.0,1580.8,86000.0
Centeno,2022,225510.0,1935.6,116508.0
Centeno,2023,179428.0,1664.6,107792.0
Centeno,2024,217699.0,1844.9,118002.0
Cereales n.c.p.,2010,18978.0,729.9,26000.0
Cereales n.c.p.,2011,16459.0,633.0,26000.0
Cereales n.c.p.,2012,14750.0,398.6,37000.0
Cereales n.c.p.,2013,19500.0,696.4,28000.0
Cereales n.c.p.,2014,16269.58,638.1,25498.0
Cereales n.c.p.,2015,16112.03,634.9,25377.0
Cereales n.c.p.,2016,16736.97,643.7,26002.0
Cereales n.c.p.,2017,16549.56,643.3,25728.0
Cereales n.c.p.,2018,16817.0,642.2,26186.0
Cereales n.c.p.,2019,16850.63,643.9,26168.0
Cereales n.c.p.,2020,16970.83,645.0,26312.0
Cereales n.c.p.,2021,17098.34,644.5,26530.0
Cereales n.c.p.,2022,17264.27,644.5,26785.0
Cereales n.c.p.,2023,17371.54,643.5,26994.0
Cereales n.c.p.,2024,17244.71,644.2,26770.0
Cerezas,2010,7575.97,4208.9,1800.0
Cerezas,2011,7069.84,3950.3,1790.0
Cerezas,2012,6500.0,3611.1,1800.0
Cerezas,2013,6939.63,3382.6,2052.0
Cerezas,2014,7086.9,3159.1,2243.0
Cerezas,2015,7114.62,3155.4,2255.0
Cerezas,2016,7175.98,3286.9,2183.0
Cerezas,2017,7246.45,3413.2,2123.0
Cerezas,2018,7308.21,3341.6,2187.0
Cerezas,2019,7364.49,3274.1,2249.0
Cerezas,2020,7410.55,3214.0,2306.0
Cerezas,2021,7450.4,3315.2,2247.0
Cerezas,2022,7448.38,3284.9,2267.0
Cerezas,2023,7487.0,3293.1,2274.0
Cerezas,2024,7525.62,3325.8,2263.0
Ciruelas y endrinas,2010,183000.0,9420.1,19427.0
Ciruelas y endrinas,2011,83000.0,9686.2,8569.0
Ciruelas y endrinas,2012,269000.0,8855.5,30377.0
Ciruelas y endrinas,2013,36000.0,3000.0,12000.0
Ciruelas y endrinas,2014,178000.0,6936.8,25660.0
Ciruelas y endrinas,2015,161000.0,8698.0,18510.0
Ciruelas y endrinas,2016,150229.0,8707.4,17253.0
Ciruelas y endrinas,2017,166873.36,9193.0,18152.0
Ciruelas y endrinas,2018,176000.0,10679.0,16481.0
Ciruelas y endrinas,2019,175346.63,10345.6,16949.0
Ciruelas y endrinas,2020,171788.67,9850.8,17439.0
Ciruelas y endrinas,2021,174378.44,9631.1,18106.0
Ciruelas y endrinas,2022,173837.91,9580.1,18146.0
Ciruelas y endrinas,2023,173335.01,9492.7,18260.0
Ciruelas y endrinas,2024,173850.45,9567.8,18170.0
Colza o semillas de colza,2010,17215.0,1493.7,11525.0
Colza o semillas de colza,2011,23335.0,1881.1,12405.0
Colza o semillas de colza,2012,50620.0,1718.0,29465.0
Colza o semillas de colza,2013,128320.0,1465.6,87555.0
Colza o semillas de colza,2014,111900.0,1614.6,69305.0
Colza o semillas de colza,2015,104849.0,1920.3,54600.0
Colza o semillas de colza,2016,67381.0,1902.9,35410.0
Colza o semillas de colza,2017,49840.0,1999.2,24930.0
Colza o semillas de colza,2018,35449.0,1945.6,18220.0
Colza o semillas de colza,2019,39689.0,2136.8,18574.0
Colza o semillas de colza,2020,32514.0,1963.2,16562.0
Colza o semillas de colza,2021,17868.0,996.2,17936.0
Colza o semillas de colza,2022,52915.0,2048.2,25835.0
Colza o semillas de colza,2023,38999.0,1705.8,22862.0
Colza o semillas de colza,2024,45162.0,1391.8,32449.0
Conos de lúpulo,2010,450.0,1216.2,370.0
Conos de lúpulo,2011,450.0,1216.2,370.0
Conos de lúpulo,2012,450.0,1216.2,370.0
Conos de lúpulo,2013,450.84,1218.4,370.0
Conos de lúpulo,2014,453.33,1219.8,372.0
Conos de lúpulo,2015,465.45,1221.0,381.0
Conos de lúpulo,2016,471.26,1221.8,386.0
Conos de lúpulo,2017,477.96,1222.6,391.0
Conos de lúpulo,2018,480.02,1223.6,392.0
Conos de lúpulo,2019,480.9,1224.4,393.0
Conos de lúpulo,2020,482.9,1224.8,394.0
Conos de lúpulo,2021,489.19,1225.7,399.0
Conos de lúpulo,2022,490.99,1225.5,401.0
Conos de lúpulo,2023,494.07,1226.2,403.0
Conos de lúpulo,2024,497.14,1226.9,405.0
Esparragos,2010,8812.3,3956.9,2227.0
Esparragos,2011,9248.23,3954.5,2339.0
Esparragos,2012,10500.0,3962.3,2650.0
Esparragos,2013,10100.3,3952.8,2555.0
Esparragos,2014,10183.7,3956.8,2574.0
Esparragos,2015,10579.93,3975.1,2662.0
Esparragos,2016,10287.98,3961.8,2597.0
Esparragos,2017,10342.28,3955.6,2615.0
Esparragos,2018,10524.95,3955.8,2661.0
Esparragos,2019,10756.13,3956.2,2719.0
Esparragos,2020,11016.2,4134.1,2665.0
Esparragos,2021,10765.76,4015.0,2681.0
Esparragos,2022,10846.03,4034.5,2688.0
Esparragos,2023,10876.0,4061.1,2678.0
Esparragos,2024,10829.26,4036.9,2683.0
Fresas,2010,26493.51,30031.8,882.0
Fresas,2011,28239.04,30028.9,940.0
Fresas,2012,29989.27,30026.1,999.0
Fresas,2013,31726.04,30023.2,1057.0
Fresas,2014,33437.57,30020.5,1114.0
Fresas,2015,35114.14,30018.0,1170.0
Fresas,2016,36746.73,30015.8,1224.0
Fresas,2017,38326.63,30014.0,1277.0
Fresas,2018,40037.02,30024.5,1333.0
Fresas,2019,42000.0,30000.0,1400.0
Fresas,2020,42000.0,30000.0,1400.0
Fresas,2021,42605.91,30016.1,1419.0
Fresas,2022,46575.0,30019.4,1551.0
Fresas,2023,47902.15,30009.1,1596.0
Fresas,2024,49527.31,30007.8,1650.0
Garbanzos secos,2010,19500.0,1114.3,17500.0
Garbanzos secos,2011,58000.0,1901.6,30500.0
Garbanzos secos,2012,92000.0,1900.8,48400.0
Garbanzos secos,2013,75000.0,1898.7,39500.0
Garbanzos secos,2014,88000.0,2070.6,42500.0
Garbanzos secos,2015,104000.0,1890.9,55000.0
Garbanzos secos,2016,60000.0,2069.0,29000.0
Garbanzos secos,2017,184000.0,1831.7,100454.0
Garbanzos secos,2018,144541.0,1640.0,88133.0
Garbanzos secos,2019,189860.0,1379.7,137607.0
Garbanzos secos,2020,177061.0,1573.2,112549.0
Garbanzos secos,2021,84709.0,1079.6,78461.0
Garbanzos secos,2022,102099.0,1253.7,81435.0
Garbanzos secos,2023,65934.0,988.9,66672.0
Garbanzos secos,2024,116985.0,1053.3,111070.0
Grano se soja,2010,52675464.0,2905.3,18130800.0
Grano se soja,2011,48888536.0,2605.3,18764850.0
Grano se soja,2012,40100196.0,2281.4,17577320.0
Grano se soja,2013,49306200.0,2539.1,19418824.0
Grano se soja,2014,53397715.0,2773.5,19252552.0
Grano se soja,2015,61446556.0,3175.2,19352115.0
Grano se soja,2016,58799258.0,3014.6,19504648.0
Grano se soja,2017,54971626.0,3171.1,17335102.0
Grano se soja,2018,37787927.0,2315.7,16318060.0
Grano se soja,2019,55263891.0,3334.0,16575887.0
Grano se soja,2020,48780407.0,2919.1,16710793.0
Grano se soja,2021,46217911.0,2806.7,16466714.0
Grano se soja,2022,43861066.0,2763.0,15874266.0
Grano se soja,2023,25044978.0,1744.5,14356922.0
Grano se soja,2024,48213207.0,2945.0,16371093.0
Higos,2010,873.04,3255.6,268.0
Higos,2011,870.59,3242.0,269.0
Higos,2012,850.0,3148.1,270.0
Higos,2013,866.26,3205.3,270.0
Higos,2014,867.82,3221.3,269.0
Higos,2015,867.98,3202.6,271.0
Higos,2016,866.79,3199.5,271.0
Higos,2017,866.06,3199.5,271.0
Higos,2018,865.5,3202.1,270.0
Higos,2019,864.97,3208.8,270.0
Higos,2020,864.26,3212.7,269.0
Higos,2021,865.72,3211.3,270.0
Higos,2022,867.63,3210.6,270.0
Higos,2023,867.22,3209.4,270.0
Higos,2024,866.81,3208.2,270.0
Hojas de té,2010,402000.0,10800.4,37221.0
Hojas de té,2011,404000.0,10922.2,36989.0
Hojas de té,2012,360000.0,9155.2,39322.0
Hojas de té,2013,350000.0,9333.5,37499.0
Hojas de té,2014,361000.0,9375.0,38507.0
Hojas de té,2015,359000.0,9065.7,39600.0
Hojas de té,2016,370000.0,9433.7,39221.0
Hojas de té,2017,354000.0,9025.8,39221.0
Hojas de té,2018,360000.0,9088.4,39611.0
Hojas de té,2019,362000.0,10606.5,34130.0
Hojas de té,2020,335225.0,10164.5,32980.0
Hojas de té,2021,336130.0,11167.1,30100.0
Hojas de té,2022,355144.0,11798.8,30100.0
Hojas de té,2023,344203.0,11435.3,30100.0
Hojas de té,2024,356753.0,11943.9,29869.0
Hojas de yerba mate,2010,250723.0,1227.7,204221.0
Hojas de yerba mate,2011,245399.0,1374.8,178500.0
Hojas de yerba mate,2012,250928.0,1405.8,178500.0
Hojas de yerba mate,2013,241365.0,1348.4,178995.0
Hojas de yerba mate,2014,264688.05,1488.6,177806.0
Hojas de yerba mate,2015,285518.0,1555.1,183601.0
Hojas de yerba mate,2016,806936.0,4896.8,164789.0
Hojas de yerba mate,2017,690100.0,4076.4,169291.0
Hojas de yerba mate,2018,809302.0,4738.7,170785.0
Hojas de yerba mate,2019,837054.0,4848.3,172650.0
Hojas de yerba mate,2020,813454.0,4582.1,177530.0
Hojas de yerba mate,2021,807184.43,4194.6,192436.0
Hojas de yerba mate,2022,829237.0,3962.4,209277.0
Hojas de yerba mate,2023,774168.0,3484.6,222169.0
Hojas de yerba mate,2024,986738.0,4285.4,230256.0
Judías verdes con hilo,2010,46752.03,7924.8,5899.0
Judías verdes con hilo,2011,47053.77,7858.0,5988.0
Judías verdes con hilo,2012,47500.0,7786.9,6100.0
Judías verdes con hilo,2013,47629.75,7716.5,6172.0
Judías verdes con hilo,2014,47808.69,7658.7,6242.0
Judías verdes con hilo,2015,48372.55,7658.2,6316.0
Judías verdes con hilo,2016,48808.72,7629.7,6397.0
Judías verdes con hilo,2017,49125.36,7547.6,6509.0
Judías verdes con hilo,2018,49432.28,7499.5,6591.0
Judías verdes con hilo,2019,49732.49,7445.8,6679.0
Judías verdes con hilo,2020,50015.22,7400.1,6759.0
Judías verdes con hilo,2021,50376.12,7382.9,6823.0
Judías verdes con hilo,2022,50644.31,7498.7,6754.0
Judías verdes con hilo,2023,50965.35,7518.5,6779.0
Judías verdes con hilo,2024,51286.38,7558.5,6785.0
Lentejas secas,2010,20000.0,1388.9,14400.0
Lentejas secas,2011,24000.0,1395.3,17200.0
Lentejas secas,2012,23000.0,1393.9,16500.0
Lentejas secas,2013,17000.0,1393.4,12200.0
Lentejas secas,2014,28500.0,1390.2,20500.0
Lentejas secas,2015,34000.0,1307.7,26000.0
Lentejas secas,2016,22000.0,1157.9,19000.0
Lentejas secas,2017,20000.0,1062.3,18827.0
Lentejas secas,2018,18605.0,1055.7,17623.0
Lentejas secas,2019,19252.0,540.3,35632.0
Lentejas secas,2020,34476.0,1047.7,32906.0
Lentejas secas,2021,20207.0,716.4,28207.0
Lentejas secas,2022,72318.0,1787.6,40456.0
Lentejas secas,2023,6246.0,433.0,14426.0
Lentejas secas,2024,16283.0,1019.6,15970.0
Limones y limas,2010,1113375.0,25550.8,43575.0
Limones y limas,2011,1756351.0,36118.1,48628.0
Limones y limas,2012,1456069.0,31116.6,46794.0
Limones y limas,2013,1485963.0,36243.0,41000.0
Limones y limas,2014,953890.0,32057.4,29756.0
Limones y limas,2015,1561606.0,30852.0,50616.0
Limones y limas,2016,1678337.0,32321.7,51926.0
Limones y limas,2017,1676000.0,31184.9,53744.0
Limones y limas,2018,1989400.0,34499.3,57665.0
Limones y limas,2019,1676403.0,33527.0,50002.0
Limones y limas,2020,1150000.0,32689.5,35179.0
Limones y limas,2021,2015989.0,32844.7,61379.0
Limones y limas,2022,2141365.0,34820.6,61497.0
Limones y limas,2023,2315000.0,28332.6,81708.0
Limones y limas,2024,2154138.5,31252.3,68927.0
Linaza,2010,32170.0,1256.6,25600.0
Linaza,2011,21390.0,1286.2,16630.0
Linaza,2012,17070.0,1169.2,14600.0
Linaza,2013,20430.0,1141.3,17900.0
Linaza,2014,17255.0,1173.8,14700.0
Linaza,2015,20085.0,1181.5,17000.0
Linaza,2016,16610.0,1277.7,13000.0
Linaza,2017,13575.0,1094.8,12400.0
Linaza,2018,19515.0,1369.9,14246.0
Linaza,2019,9950.0,1099.9,9046.0
Linaza,2020,19515.0,1369.9,14246.0
Linaza,2021,12358.0,1117.3,11061.0
Linaza,2022,29232.0,1705.1,17144.0
Linaza,2023,24998.0,1113.2,22455.0
Linaza,2024,24998.0,1113.2,22455.0
Manzanas,2010,720000.0,28556.9,25213.0
Manzanas,2011,1150000.0,28873.4,39829.0
Manzanas,2012,1050000.0,29189.9,35971.0
Manzanas,2013,970000.0,29506.4,32874.0
Manzanas,2014,711052.0,26629.6,26702.0
Manzanas,2015,693275.0,25939.0,26727.0
Manzanas,2016,458908.0,22391.2,20495.0
Manzanas,2017,458908.0,23538.6,19496.0
Manzanas,2018,510478.0,21307.2,23958.0
Manzanas,2019,547846.0,30378.5,18034.0
Manzanas,2020,587000.0,32466.8,18080.0
Manzanas,2021,514000.0,29225.4,17587.0
Manzanas,2022,423343.0,27470.4,15411.0
Manzanas,2023,528749.0,27186.0,19449.0
Manzanas,2024,494062.76,27170.9,18184.0
Maní con cáscara,2010,611040.0,2792.3,218828.0
Maní con cáscara,2011,701535.0,2651.6,264568.0
Maní con cáscara,2012,685722.0,2232.4,307166.0
Maní con cáscara,2013,1025857.0,2539.1,404022.0
Maní con cáscara,2014,1165924.0,2848.5,409312.0
Maní con cáscara,2015,1010777.0,2380.4,424628.0
Maní con cáscara,2016,1001113.0,2928.6,341838.0
Maní con cáscara,2017,1031082.0,3086.6,334050.0
Maní con cáscara,2018,921231.0,2075.5,443864.0
Maní con cáscara,2019,1337229.0,3455.2,387014.0
Maní con cáscara,2020,1285431.0,3498.9,367377.0
Maní con cáscara,2021,1267242.0,3154.3,401756.0
Maní con cáscara,2022,1346166.0,3311.8,406477.0
Maní con cáscara,2023,962674.0,2590.4,371627.0
Maní con cáscara,2024,1482827.0,3432.5,431991.0
Maíz,2010,22663095.0,7804.0,2904035.0
Maíz,2011,23799830.0,6350.3,3747838.0
Maíz,2012,21196637.0,5734.6,3696300.0
Maíz,2013,32119211.0,6603.7,4863801.0
Maíz,2014,33087165.0,6840.9,4836655.0
Maíz,2015,33817744.0,7309.0,4626880.0
Maíz,2016,39792854.0,7442.7,5346593.0
Maíz,2017,49475895.0,7575.9,6530673.0
Maíz,2018,43462323.0,6088.3,7138620.0
Maíz,2019,56860704.0,7861.5,7232761.0
Maíz,2020,58395811.0,7553.9,7730506.0
Maíz,2021,60525805.0,7429.6,8146596.0
Maíz,2022,59037179.0,6732.9,8768441.0
Maíz,2023,41409448.0,5109.4,8104641.0
Maíz,2024,57494500.0,6580.8,8736712.0
Melocotones (duraznos) y nectarinas,2010,266000.0,12999.2,20463.0
Melocotones (duraznos) y nectarinas,2011,261000.0,13834.8,18865.0
Melocotones (duraznos) y nectarinas,2012,294000.0,15388.1,19106.0
Melocotones (duraznos) y nectarinas,2013,83000.0,6916.7,12000.0
Melocotones (duraznos) y nectarinas,2014,250000.0,13437.4,18605.0
Melocotones (duraznos) y nectarinas,2015,266000.0,21266.4,12508.0
Melocotones (duraznos) y nectarinas,2016,250737.0,19824.2,12648.0
Melocotones (duraznos) y nectarinas,2017,223022.03,16831.6,13250.0
Melocotones (duraznos) y nectarinas,2018,226000.0,19316.2,11700.0
Melocotones (duraznos) y nectarinas,2019,198000.0,17529.9,11295.0
Melocotones (duraznos) y nectarinas,2020,101000.0,9118.0,11077.0
Melocotones (duraznos) y nectarinas,2021,167500.0,19099.2,8770.0
Melocotones (duraznos) y nectarinas,2022,151507.0,17366.7,8724.0
Melocotones (duraznos) y nectarinas,2023,153480.0,17774.2,8635.0
Melocotones (duraznos) y nectarinas,2024,173292.11,17804.3,9733.0
Melón Cantalupo y otros melones,2010,81324.68,16240.8,5007.0
Melón Cantalupo y otros melones,2011,81491.86,16211.3,5027.0
Melón Cantalupo y otros melones,2012,81659.03,16181.9,5046.0
Melón Cantalupo y otros melones,2013,81826.2,16152.4,5066.0
Melón Cantalupo y otros melones,2014,81882.33,16086.4,5090.0
Melón Cantalupo y otros melones,2015,81274.74,15419.8,5271.0
Melón Cantalupo y otros melones,2016,80876.19,15727.7,5142.0
Melón Cantalupo y otros melones,2017,80627.05,15840.0,5090.0
Melón Cantalupo y otros melones,2018,80533.59,16050.0,5018.0
Melón Cantalupo y otros melones,2019,80585.53,16112.1,5002.0
Melón Cantalupo y otros melones,2020,80728.96,16138.8,5002.0
Melón Cantalupo y otros melones,2021,80687.25,15843.9,5093.0
Melón Cantalupo y otros melones,2022,80385.15,15597.0,5154.0
Melón Cantalupo y otros melones,2023,80433.12,15527.1,5180.0
Melón Cantalupo y otros melones,2024,80481.1,15464.6,5204.0
Membrillos,2010,27041.23,8439.7,3204.0
Membrillos,2011,27142.9,8459.1,3209.0
Membrillos,2012,27500.0,8593.8,3200.0
Membrillos,2013,27197.67,8485.2,3205.0
Membrillos,2014,27100.93,8491.8,3191.0
Membrillos,2015,28007.03,8531.4,3283.0
Membrillos,2016,28532.32,8529.0,3345.0
Membrillos,2017,28967.9,8539.8,3392.0
Membrillos,2018,29348.88,8543.8,3435.0
Membrillos,2019,29593.64,8541.1,3465.0
Membrillos,2020,29826.13,8540.6,3492.0
Membrillos,2021,29843.62,8551.1,3490.0
Membrillos,2022,29988.89,8550.0,3507.0
Membrillos,2023,30159.65,8553.8,3526.0
Membrillos,2024,30330.41,8557.7,3544.0
Mijo,2010,9115.0,1365.5,6675.0
Mijo,2011,7990.0,1700.0,4700.0
Mijo,2012,17414.0,1760.8,9890.0
Mijo,2013,11192.0,1828.8,6120.0
Mijo,2014,2670.0,1186.7,2250.0
Mijo,2015,4640.0,2274.5,2040.0
Mijo,2016,6867.0,1553.6,4420.0
Mijo,2017,5328.0,1923.5,2770.0
Mijo,2018,2254.0,1252.2,1800.0
Mijo,2019,4140.0,1892.1,2188.0
Mijo,2020,5441.0,1548.8,3513.0
Mijo,2021,9508.0,1523.7,6240.0
Mijo,2022,9480.0,1627.7,5824.0
Mijo,2023,9746.0,1343.5,7254.0
Mijo,2024,6630.0,1166.8,5682.0
Naranjas,2010,833486.0,17281.8,48229.0
Naranjas,2011,1130074.0,23114.2,48891.0
Naranjas,2012,933526.0,21361.2,43702.0
Naranjas,2013,859752.0,21493.8,40000.0
Naranjas,2014,1022276.0,21313.2,47964.0
Naranjas,2015,1001309.0,23139.9,43272.0
Naranjas,2016,1032446.0,22452.3,45984.0
Naranjas,2017,1025000.0,21895.2,46814.0
Naranjas,2018,1006779.0,21875.6,46023.0
Naranjas,2019,1070927.0,21821.9,49076.0
Naranjas,2020,1000000.0,21793.0,45886.0
Naranjas,2021,1038163.0,21889.7,47427.0
Naranjas,2022,1008563.0,21643.9,46598.0
Naranjas,2023,1061000.0,22392.5,47382.0
Naranjas,2024,1061236.53,22747.2,46654.0
Nueces de nogal con cáscara,2010,10000.0,2083.3,4800.0
Nueces de nogal con cáscara,2011,10990.77,2446.9,4492.0
Nueces de nogal con cáscara,2012,12800.0,2666.7,4800.0
Nueces de nogal con cáscara,2013,11822.97,2472.4,4782.0
Nueces de nogal con cáscara,2014,13591.73,2060.8,6595.0
Nueces de nogal con cáscara,2015,15690.56,1672.2,9383.0
Nueces de nogal con cáscara,2016,18412.0,1306.7,14090.0
Nueces de nogal con cáscara,2017,18412.0,1277.6,14411.0
Nueces de nogal con cáscara,2018,18412.0,1234.7,14912.0
Nueces de nogal con cáscara,2019,18624.9,1287.1,14471.0
Nueces de nogal con cáscara,2020,18482.97,1266.1,14598.0
Nueces de nogal con cáscara,2021,18506.62,1262.4,14660.0
Nueces de nogal con cáscara,2022,18538.16,1271.8,14576.0
Nueces de nogal con cáscara,2023,18509.25,1266.8,14612.0
Nueces de nogal con cáscara,2024,18518.01,1267.0,14616.0
Nueces de tung,2010,3439.0,2676.3,1285.0
Nueces de tung,2011,3841.44,2449.0,1569.0
Nueces de tung,2012,5708.25,2384.9,2393.0
Nueces de tung,2013,5828.85,2420.6,2408.0
Nueces de tung,2014,6280.0,2473.8,2539.0
Nueces de tung,2015,6123.0,2503.9,2445.0
Nueces de tung,2016,6315.0,2522.5,2503.0
Nueces de tung,2017,6400.0,2541.5,2518.0
Nueces de tung,2018,6600.0,2565.3,2573.0
Nueces de tung,2019,6438.33,2543.3,2531.0
Nueces de tung,2020,6479.44,2550.2,2541.0
Nueces de tung,2021,6505.93,2553.0,2548.0
Nueces de tung,2022,6203.67,2442.2,2540.0
Nueces de tung,2023,6153.43,2419.7,2543.0
Nueces de tung,2024,6144.76,2415.5,2544.0
Otras hortalizas frescas n.c.p.,2010,738437.79,12993.0,56833.0
Otras hortalizas frescas n.c.p.,2011,779725.51,13487.2,57812.0
Otras hortalizas frescas n.c.p.,2012,835000.0,16057.7,52000.0
Otras hortalizas frescas n.c.p.,2013,868778.4,14362.5,60490.0
Otras hortalizas frescas n.c.p.,2014,901745.95,14161.8,63674.0
Otras hortalizas frescas n.c.p.,2015,851464.47,14466.2,58859.0
Otras hortalizas frescas n.c.p.,2016,850783.46,14557.0,58445.0
Otras hortalizas frescas n.c.p.,2017,841623.02,13951.2,60326.0
Otras hortalizas frescas n.c.p.,2018,836400.68,14217.3,58830.0
Otras hortalizas frescas n.c.p.,2019,834275.66,14442.8,57764.0
Otras hortalizas frescas n.c.p.,2020,833420.16,14571.0,57197.0
Otras hortalizas frescas n.c.p.,2021,842512.2,14636.9,57561.0
Otras hortalizas frescas n.c.p.,2022,842619.49,14720.1,57243.0
Otras hortalizas frescas n.c.p.,2023,843911.54,14799.6,57022.0
Otras hortalizas frescas n.c.p.,2024,845293.65,14879.2,56810.0
Papayas,2010,2160.59,12630.1,171.0
Papayas,2011,2140.1,12425.3,172.0
Papayas,2012,2000.0,11111.1,180.0
Papayas,2013,2139.62,11999.4,178.0
Papayas,2014,2208.18,11879.0,186.0
Papayas,2015,2200.56,11572.8,190.0
Papayas,2016,2206.85,11423.7,193.0
Papayas,2017,2212.53,11277.8,196.0
Papayas,2018,2216.76,11057.3,200.0
Papayas,2019,2220.95,10830.6,205.0
Papayas,2020,2222.37,11079.9,201.0
Papayas,2021,2212.32,10950.0,202.0
Papayas,2022,2206.1,10891.2,203.0
Papayas,2023,2208.21,10946.6,202.0
Papayas,2024,2210.31,10936.3,202.0
Peras,2010,670000.0,33073.4,20258.0
Peras,2011,812633.0,33529.7,24236.0
Peras,2012,825115.0,33978.1,24284.0
Peras,2013,890000.0,32963.0,27000.0
Peras,2014,704019.0,29895.1,23550.0
Peras,2015,619305.0,27017.6,22922.0
Peras,2016,522414.0,23565.1,22169.0
Peras,2017,517754.0,24797.8,20879.0
Peras,2018,565697.0,23039.8,24553.0
Peras,2019,594143.0,29079.0,20432.0
Peras,2020,659000.0,32184.0,20476.0
Peras,2021,634000.0,31183.9,20331.0
Peras,2022,566227.0,28385.2,19948.0
Peras,2023,653838.0,33485.5,19526.0
Peras,2024,670592.42,33698.1,19900.0
Piña tropical,2010,3317.44,18623.1,178.0
Piña tropical,2011,3324.13,18621.4,179.0
Piña tropical,2012,3350.0,18611.1,180.0
Piña tropical,2013,3319.67,18521.6,179.0
Piña tropical,2014,3293.44,18437.5,179.0
Piña tropical,2015,3283.34,18409.7,178.0
Piña tropical,2016,3271.31,18366.2,178.0
Piña tropical,2017,3258.91,18329.3,178.0
Piña tropical,2018,3246.75,18286.1,178.0
Piña tropical,2019,3234.92,18220.6,178.0
Piña tropical,2020,3223.27,18153.7,178.0
Piña tropical,2021,3226.03,18138.7,178.0
Piña tropical,2022,3227.99,18109.1,178.0
Piña tropical,2023,3226.04,18071.7,179.0
Piña tropical,2024,3224.38,18034.3,179.0
Pomelos,2010,188820.0,24569.9,7685.0
Pomelos,2011,172382.0,27006.4,6383.0
Pomelos,2012,132196.0,21297.9,6207.0
Pomelos,2013,113549.0,22105.2,5137.0
Pomelos,2014,130786.0,22921.5,5706.0
Pomelos,2015,130382.0,24356.8,5353.0
Pomelos,2016,102259.0,26341.8,3882.0
Pomelos,2017,112000.0,23092.8,4850.0
Pomelos,2018,114118.0,24239.2,4708.0
Pomelos,2019,114695.0,24721.1,4640.0
Pomelos,2020,114000.0,25123.0,4538.0
Pomelos,2021,89478.0,25501.4,3509.0
Pomelos,2022,94581.0,26478.4,3572.0
Pomelos,2023,127000.0,29276.2,4338.0
Pomelos,2024,126579.74,28155.2,4496.0
Sandías,2010,126556.2,13836.1,9147.0
Sandías,2011,126715.62,13859.3,9143.0
Sandías,2012,127000.0,14111.1,9000.0
Sandías,2013,127001.39,13885.6,9146.0
Sandías,2014,127012.13,13821.3,9190.0
Sandías,2015,126326.38,13901.7,9087.0
Sandías,2016,125725.52,13912.8,9037.0
Sandías,2017,125165.37,13907.0,9000.0
Sandías,2018,124626.62,13904.4,8963.0
Sandías,2019,124117.81,13906.7,8925.0
Sandías,2020,123646.89,13907.1,8891.0
Sandías,2021,125327.03,13914.3,9007.0
Sandías,2022,125351.9,13919.7,9005.0
Sandías,2023,125327.65,13924.6,9000.0
Sandías,2024,125303.39,13929.4,8996.0
Semilla de girasol,2010,2232034.0,1492.7,1495317.0
Semilla de girasol,2011,3671748.0,2106.5,1743040.0
Semilla de girasol,2012,3340520.0,1832.0,1823412.0
Semilla de girasol,2013,3104420.0,1916.2,1620081.0
Semilla de girasol,2014,2063410.0,1635.5,1261640.0
Semilla de girasol,2015,3158290.0,2193.4,1439915.0
Semilla de girasol,2016,3000367.0,2122.0,1413963.0
Semilla de girasol,2017,3546707.0,1949.8,1819045.0
Semilla de girasol,2018,3537545.0,2108.2,1678031.0
Semilla de girasol,2019,3825750.0,2039.4,1875938.0
Semilla de girasol,2020,2857413.0,2068.2,1381571.0
Semilla de girasol,2021,3247366.0,1994.7,1628002.0
Semilla de girasol,2022,4050362.0,2067.9,1958686.0
Semilla de girasol,2023,5018874.0,2045.8,2453245.0
Semilla de girasol,2024,3895156.0,2113.8,1842731.0
Sorgo,2010,3637427.0,4816.3,755235.0
Sorgo,2011,4458442.0,4402.9,1012617.0
Sorgo,2012,4252310.0,4653.4,913815.0
Sorgo,2013,3635837.0,4085.2,889993.0
Sorgo,2014,3466410.0,4400.9,787657.0
Sorgo,2015,3098148.0,4704.3,658576.0
Sorgo,2016,3029330.0,4497.6,673550.0
Sorgo,2017,2526931.0,4662.6,541955.0
Sorgo,2018,1563445.0,3573.9,437463.0
Sorgo,2019,1601435.0,4674.0,342623.0
Sorgo,2020,1829914.0,4630.3,395204.0
Sorgo,2021,3319341.0,4434.3,748566.0
Sorgo,2022,2883301.0,4119.7,699887.0
Sorgo,2023,1610102.0,3217.5,500421.0
Sorgo,2024,2495532.0,3985.3,626182.0
Tabaco sin elaborar,2010,132869.98,1963.4,67674.0
Tabaco sin elaborar,2011,135241.22,1786.2,75715.0
Tabaco sin elaborar,2012,115333.9,1821.2,63327.0
Tabaco sin elaborar,2013,112348.0,1779.2,63146.0
Tabaco sin elaborar,2014,127085.0,1934.8,65683.0
Tabaco sin elaborar,2015,109106.0,1976.8,55194.0
Tabaco sin elaborar,2016,93671.0,2137.9,43815.0
Tabaco sin elaborar,2017,117154.0,2043.8,57321.0
Tabaco sin elaborar,2018,104093.0,1902.0,54728.0
Tabaco sin elaborar,2019,104972.67,2020.5,51955.0
Tabaco sin elaborar,2020,101954.55,1836.7,55509.0
Tabaco sin elaborar,2021,98622.63,1765.0,55877.0
Tabaco sin elaborar,2022,91610.39,1531.7,59808.0
Tabaco sin elaborar,2023,87410.0,1537.4,56857.0
Tabaco sin elaborar,2024,80786.0,1475.7,54743.0
Trigo,2010,15875653.0,3503.4,4531520.0
Trigo,2011,14500519.0,3225.1,4496078.0
Trigo,2012,8023996.0,2658.4,3018403.0
Trigo,2013,9188339.0,2661.9,3451785.0
Trigo,2014,13930078.0,2810.0,4957300.0
Trigo,2015,11314952.0,2862.3,3953102.0
Trigo,2016,18395106.0,3304.7,5566385.0
Trigo,2017,18518045.0,3180.6,5822173.0
Trigo,2018,19459727.0,3216.0,6050953.0
Trigo,2019,19776942.0,2938.7,6729838.0
Trigo,2020,17644277.0,2759.5,6394102.0
Trigo,2021,22150287.0,3382.5,6548477.0
Trigo,2022,12555860.0,2287.6,5488728.0
Trigo,2023,15853154.0,2843.4,5575352.0
Trigo,2024,18510280.0,2919.0,6341303.0
Uvas,2010,2619660.5,12030.6,217750.0
Uvas,2011,2890296.2,13228.0,218499.0
Uvas,2012,2244219.8,10145.6,221202.0
Uvas,2013,2871749.0,12844.4,223580.0
Uvas,2014,2635109.0,11639.8,226388.0
Uvas,2015,2415571.0,10749.9,224707.0
Uvas,2016,1758418.0,7852.0,223944.0
Uvas,2017,1965205.5,8898.5,220848.0
Uvas,2018,2573311.4,11791.6,218233.0
Uvas,2019,2519886.2,11711.2,215169.0
Uvas,2020,2055746.0,9570.6,214798.0
Uvas,2021,2241419.72,10617.9,211099.0
Uvas,2022,1936803.0,9354.4,207047.0
Uvas,2023,1455312.0,7104.4,204847.0
Uvas,2024,1918974.0,9597.5,199946.0
Zanahorias y nabos,2010,256601.58,27371.3,9375.0
Zanahorias y nabos,2011,260966.43,27715.2,9416.0
Zanahorias y nabos,2012,265382.65,28066.1,9456.0
Zanahorias y nabos,2013,269912.24,28424.4,9496.0
Zanahorias y nabos,2014,274087.75,29297.7,9355.0
Zanahorias y nabos,2015,280207.86,30006.0,9338.0
Zanahorias y nabos,2016,302000.0,31789.5,9500.0
Zanahorias y nabos,2017,290290.46,31507.2,9213.0
Zanahorias y nabos,2018,287064.67,31448.9,9128.0
Zanahorias y nabos,2019,290589.5,31827.1,9130.0
Zanahorias y nabos,2020,293982.3,32433.4,9064.0
Zanahorias y nabos,2021,300000.0,33333.3,9000.0
Zanahorias y nabos,2022,301623.66,33631.3,8969.0
Zanahorias y nabos,2023,302820.69,33667.6,8994.0
Zanahorias y nabos,2024,305049.46,34172.0,8927.0
